140Fg34UWrvdYC8Gjo1nr1WmmHXHOCnf3	普通預金.pdf	42	normalized_rows	{"date":"2026-02-27","amount":45480,"summary":"ﾘｽﾅｯﾂ様 ㈱Jｺｰﾎﾟﾚｰｼｮﾝ様 登録代行料 ﾘｽﾅｯﾂ様 ㈱Jｺｰﾎﾟﾚｰｼｮﾝ様 登録代行料","other_party":"もみじ福山支店 その他","row_no":2384,"raw_text":"未払金 / 45,480 / ﾘｽﾅｯﾂ様 ㈱Jｺｰﾎﾟﾚｰｼｮﾝ様 登録代行料 / ﾘｽﾅｯﾂ様 ㈱Jｺｰﾎﾟﾚｰｼｮﾝ様 登録代行料 / 13,777,115 / もみじ福山支店 / その他"}
140Fg34UWrvdYC8Gjo1nr1WmmHXHOCnf3	普通預金.pdf	42	normalized_rows	{"date":"2026-02-27","amount":180442,"summary":"㈱ｺﾝｸｴｽﾄ 1月分","other_party":"広島銀行②","row_no":2427,"raw_text":"諸口 / 180,442 / ㈱ｺﾝｸｴｽﾄ 1月分 / 15,057,557 / 広島銀行②"}
140Fg34UWrvdYC8Gjo1nr1WmmHXHOCnf3	普通預金.pdf	42	normalized_rows	{"date":"2026-02-27","amount":65000,"summary":"大和ﾘﾋﾞﾝｸﾞ 但井 家賃立替分 3月分 大和ﾘﾋﾞﾝｸﾞ 但井 家賃立替分 3月分","other_party":"広島銀行② 但井","row_no":2439,"raw_text":"立替金 / 65,000 / 大和ﾘﾋﾞﾝｸﾞ 但井 家賃立替分 3月分 / 大和ﾘﾋﾞﾝｸﾞ 但井 家賃立替分 3月分 / 14,992,557 / 広島銀行② / 但井"}
140Fg34UWrvdYC8Gjo1nr1WmmHXHOCnf3	普通預金.pdf	42	normalized_rows	{"date":"2026-02-27","amount":165000,"summary":"吉野ｶﾞﾚｰｼﾞ 3月分家賃 吉野ｶﾞﾚｰｼﾞ 3月分家賃","other_party":"広島銀行② 吉野ｶﾞﾚｰｼﾞ 本社 免80仕共内10","row_no":2440,"raw_text":"賃借料 / 165,000 / 吉野ｶﾞﾚｰｼﾞ 3月分家賃 / 吉野ｶﾞﾚｰｼﾞ 3月分家賃 / 14,827,557 / 広島銀行② / 吉野ｶﾞﾚｰｼﾞ / 本社 / 免80仕共内10"}
140Fg34UWrvdYC8Gjo1nr1WmmHXHOCnf3	普通預金.pdf	42	normalized_rows	{"date":"2026-02-27","amount":160000,"summary":"ｳﾂﾐ屋証券 CB家賃 3月分 ｳﾂﾐ屋証券 CB家賃 3月分","other_party":"広島銀行② ウツミ屋証券㈱31 CB 仕課内10","row_no":2441,"raw_text":"賃借料 / 160,000 / ｳﾂﾐ屋証券 CB家賃 3月分 / ｳﾂﾐ屋証券 CB家賃 3月分 / 14,667,557 / 広島銀行② / ウツミ屋証券㈱31 CB / 仕課内10"}
140Fg34UWrvdYC8Gjo1nr1WmmHXHOCnf3	普通預金.pdf	42	normalized_rows	{"date":"2026-02-27","amount":5500,"summary":"㈱ﾌﾛｰﾘｽﾄもん 1月分 ㈱ﾌﾛｰﾘｽﾄもん 1月分","other_party":"広島銀行② その他 CB 仕課内10","row_no":2442,"raw_text":"事務所維持費 / 5,500 / ㈱ﾌﾛｰﾘｽﾄもん 1月分 / ㈱ﾌﾛｰﾘｽﾄもん 1月分 / 14,662,057 / 広島銀行② / その他 / CB / 仕課内10"}
140Fg34UWrvdYC8Gjo1nr1WmmHXHOCnf3	普通預金.pdf	42	normalized_rows	{"date":"2026-02-27","amount":9900,"summary":"ﾜｰﾙﾄﾞﾕｰﾃｨﾘﾃｨ㈱ 1月分 ﾜｰﾙﾄﾞﾕｰﾃｨﾘﾃｨ㈱ 1月分","other_party":"広島銀行② ﾜｰﾙﾄﾞﾕｰﾃｨﾘﾃｨ 本社 仕共内10","row_no":2443,"raw_text":"IT費 / 9,900 / ﾜｰﾙﾄﾞﾕｰﾃｨﾘﾃｨ㈱ 1月分 / ﾜｰﾙﾄﾞﾕｰﾃｨﾘﾃｨ㈱ 1月分 / 14,652,157 / 広島銀行② / ﾜｰﾙﾄﾞﾕｰﾃｨﾘﾃｨ / 本社 / 仕共内10"}
140Fg34UWrvdYC8Gjo1nr1WmmHXHOCnf3	普通預金.pdf	42	normalized_rows	{"date":"2026-02-27","amount":32409,"summary":"佐川急便㈱ 1月分 佐川急便㈱ 1月分","other_party":"広島銀行② CB 仕課内10","row_no":2444,"raw_text":"荷造包装費 / 32,409 / 佐川急便㈱ 1月分 / 佐川急便㈱ 1月分 / 14,619,748 / 広島銀行② / CB / 仕課内10"}
140Fg34UWrvdYC8Gjo1nr1WmmHXHOCnf3	普通預金.pdf	42	normalized_rows	{"date":"2026-02-27","amount":131562,"summary":"㈱ｽﾀｯﾌｻｰﾋﾞｽ 1月分 ㈱ｽﾀｯﾌｻｰﾋﾞｽ 1月分","other_party":"広島銀行② 本社 仕共内10","row_no":2445,"raw_text":"業務委託費 / 131,562 / ㈱ｽﾀｯﾌｻｰﾋﾞｽ 1月分 / ㈱ｽﾀｯﾌｻｰﾋﾞｽ 1月分 / 14,488,186 / 広島銀行② / 本社 / 仕共内10"}
140Fg34UWrvdYC8Gjo1nr1WmmHXHOCnf3	普通預金.pdf	42	normalized_rows	{"date":"2026-02-27","amount":36300,"summary":"㈱ﾘｸﾙーﾄｶｰｾﾝｻｰ 1月分 ㈱ﾘｸﾙーﾄｶｰｾﾝｻｰ 1月分","other_party":"広島銀行② カーセンサー費用CB 仕課内10","row_no":2446,"raw_text":"IT費 / 36,300 / ㈱ﾘｸﾙーﾄｶｰｾﾝｻｰ 1月分 / ㈱ﾘｸﾙーﾄｶｰｾﾝｻｰ 1月分 / 14,451,886 / 広島銀行② / カーセンサー費用CB / 仕課内10"}
140Fg34UWrvdYC8Gjo1nr1WmmHXHOCnf3	普通預金.pdf	42	normalized_rows	{"date":"2026-02-27","amount":11000,"summary":"三菱ふそう中国地区販売㈱ 1月分 三菱ふそう中国地区販売㈱ 1月分","other_party":"広島銀行② 社用車 本社 仕共内10","row_no":2447,"raw_text":"社用車維持費 / 11,000 / 三菱ふそう中国地区販売㈱ 1月分 / 三菱ふそう中国地区販売㈱ 1月分 / 14,440,886 / 広島銀行② / 社用車 / 本社 / 仕共内10"}
140Fg34UWrvdYC8Gjo1nr1WmmHXHOCnf3	普通預金.pdf	42	normalized_rows	{"date":"2026-02-27","amount":9757,"summary":"福山通運㈱ １月分 福山通運㈱ １月分","other_party":"広島銀行② CB 仕課内10","row_no":2448,"raw_text":"荷造包装費 / 9,757 / 福山通運㈱ １月分 / 福山通運㈱ １月分 / 14,431,129 / 広島銀行② / CB / 仕課内10"}
140Fg34UWrvdYC8Gjo1nr1WmmHXHOCnf3	普通預金.pdf	42	normalized_rows	{"date":"2026-02-27","amount":682,"summary":"ｴﾇｼﾞｪｲﾋﾞｨ事業協同組合 1月分 ｴﾇｼﾞｪｲﾋﾞｨ事業協同組合 1月分","other_party":"広島銀行② CB 仕課内10","row_no":2449,"raw_text":"業務委託費 / 682 / ｴﾇｼﾞｪｲﾋﾞｨ事業協同組合 1月分 / ｴﾇｼﾞｪｲﾋﾞｨ事業協同組合 1月分 / 14,430,447 / 広島銀行② / CB / 仕課内10"}
140Fg34UWrvdYC8Gjo1nr1WmmHXHOCnf3	普通預金.pdf	42	normalized_rows	{"date":"2026-02-27","amount":8840,"summary":"㈲AIｸﾘｰﾝｻｰﾋﾞｽ 1月分 ㈲AIｸﾘｰﾝｻｰﾋﾞｽ 1月分","other_party":"広島銀行② AIクリーン31 CB-整備 仕課内10","row_no":2450,"raw_text":"事務所維持費 / 8,840 / ㈲AIｸﾘｰﾝｻｰﾋﾞｽ 1月分 / ㈲AIｸﾘｰﾝｻｰﾋﾞｽ 1月分 / 14,421,607 / 広島銀行② / AIクリーン31 / CB-整備 / 仕課内10"}
140Fg34UWrvdYC8Gjo1nr1WmmHXHOCnf3	普通預金.pdf	43	normalized_rows	{"date":"2026-02-27","amount":62150,"summary":"ｱﾐｭｰｽﾞ 1月分 ｱﾐｭｰｽﾞ 1月分","other_party":"広島銀行② 車両","row_no":2451,"raw_text":"買掛金 / 62,150 / ｱﾐｭｰｽﾞ 1月分 / ｱﾐｭｰｽﾞ 1月分 / 14,359,457 / 広島銀行② / 車両"}
140Fg34UWrvdYC8Gjo1nr1WmmHXHOCnf3	普通預金.pdf	43	normalized_rows	{"date":"2026-02-27","amount":33462,"summary":"ｳﾙﾄｼﾞｬﾊﾟﾝ㈱ 1月分 ｳﾙﾄｼﾞｬﾊﾟﾝ㈱ 1月分","other_party":"広島銀行② 車両","row_no":2452,"raw_text":"買掛金 / 33,462 / ｳﾙﾄｼﾞｬﾊﾟﾝ㈱ 1月分 / ｳﾙﾄｼﾞｬﾊﾟﾝ㈱ 1月分 / 14,325,995 / 広島銀行② / 車両"}
140Fg34UWrvdYC8Gjo1nr1WmmHXHOCnf3	普通預金.pdf	43	normalized_rows	{"date":"2026-02-27","amount":1779030,"summary":"幸陽板金塗装(有) 1月分 買掛金 車両","other_party":"中国銀行","row_no":2453,"raw_text":"諸口 / 1,779,030 / 幸陽板金塗装(有) 1月分 / 買掛金 車両 / 12,546,965 / 中国銀行"}
140Fg34UWrvdYC8Gjo1nr1WmmHXHOCnf3	普通預金.pdf	43	normalized_rows	{"date":"2026-02-27","amount":8800,"summary":"㈲清水自動車ｶﾞﾗｽ 1月分 ㈲清水自動車ｶﾞﾗｽ 1月分","other_party":"広島銀行② 車両","row_no":2454,"raw_text":"買掛金 / 8,800 / ㈲清水自動車ｶﾞﾗｽ 1月分 / ㈲清水自動車ｶﾞﾗｽ 1月分 / 12,538,165 / 広島銀行② / 車両"}
140Fg34UWrvdYC8Gjo1nr1WmmHXHOCnf3	普通預金.pdf	43	normalized_rows	{"date":"2026-02-27","amount":351028,"summary":"東邦自動車㈱ 1月分 東邦自動車㈱ 1月分","other_party":"広島銀行② 車両","row_no":2455,"raw_text":"買掛金 / 351,028 / 東邦自動車㈱ 1月分 / 東邦自動車㈱ 1月分 / 12,187,137 / 広島銀行② / 車両"}
140Fg34UWrvdYC8Gjo1nr1WmmHXHOCnf3	普通預金.pdf	43	normalized_rows	{"date":"2026-02-27","amount":172271,"summary":"㈱福山自動車用品商会 1月分 ㈱福山自動車用品商会 1月分","other_party":"広島銀行② 車両","row_no":2456,"raw_text":"買掛金 / 172,271 / ㈱福山自動車用品商会 1月分 / ㈱福山自動車用品商会 1月分 / 12,014,866 / 広島銀行② / 車両"}
140Fg34UWrvdYC8Gjo1nr1WmmHXHOCnf3	普通預金.pdf	43	normalized_rows	{"date":"2026-02-27","amount":63800,"summary":"㈱ﾏｳﾝﾄﾌﾞｯｸ 1月分 ㈱ﾏｳﾝﾄﾌﾞｯｸ 1月分","other_party":"広島銀行② 車両","row_no":2457,"raw_text":"買掛金 / 63,800 / ㈱ﾏｳﾝﾄﾌﾞｯｸ 1月分 / ㈱ﾏｳﾝﾄﾌﾞｯｸ 1月分 / 11,951,066 / 広島銀行② / 車両"}
140Fg34UWrvdYC8Gjo1nr1WmmHXHOCnf3	普通預金.pdf	43	normalized_rows	{"date":"2026-02-27","amount":128167,"summary":"ﾘｺｰｼﾞｬﾊﾟﾝ㈱ 1月分 ﾘｺｰｼﾞｬﾊﾟﾝ㈱ 1月分","other_party":"中国銀行 ﾘｺｰ 本社 仕共内10","row_no":2458,"raw_text":"事務所維持費 / 128,167 / ﾘｺｰｼﾞｬﾊﾟﾝ㈱ 1月分 / ﾘｺｰｼﾞｬﾊﾟﾝ㈱ 1月分 / 11,822,899 / 中国銀行 / ﾘｺｰ / 本社 / 仕共内10"}
140Fg34UWrvdYC8Gjo1nr1WmmHXHOCnf3	普通預金.pdf	43	normalized_rows	{"date":"2026-02-27","amount":67440,"summary":"本社 賃借料 住吉町家賃（三和","other_party":"吉町家賃 もみじ福山支店","row_no":2460,"raw_text":"DF.ア－クシステムSP 三和地所様 住 / 諸口 / 67,440 / 本社 賃借料 住吉町家賃（三和 / 11,755,459 / 吉町家賃 / もみじ福山支店"}
140Fg34UWrvdYC8Gjo1nr1WmmHXHOCnf3	普通預金.pdf	43	normalized_rows	{"date":"2026-02-28","amount":500000,"summary":"㈱ﾈｵｸﾞﾘｯﾄ様 ZN6CW82C007437795 ㈱ﾈｵｸﾞﾘｯﾄ様 ZN6CW82C007437795","other_party":"広島銀行② その他","row_no":2411,"raw_text":"前受金 / 500,000 / ㈱ﾈｵｸﾞﾘｯﾄ様 ZN6CW82C007437795 / ㈱ﾈｵｸﾞﾘｯﾄ様 ZN6CW82C007437795 / 12,255,459 / 広島銀行② / その他"}
140Fg34UWrvdYC8Gjo1nr1WmmHXHOCnf3	普通預金.pdf	43	normalized_rows	{"date":"2026-03-02","amount":32575,"summary":"融資利息 融資利息","other_party":"もみじ福山支店 支払利息34 本社","row_no":2398,"raw_text":"支払利息 / 32,575 / 融資利息 / 融資利息 / 12,222,884 / もみじ福山支店 / 支払利息34 / 本社"}
140Fg34UWrvdYC8Gjo1nr1WmmHXHOCnf3	普通預金.pdf	43	normalized_rows	{"date":"2026-03-02","amount":2200,"summary":"ﾋﾞｰﾌｨｰﾙﾄﾞ ﾋﾞｰﾌｨｰﾙﾄﾞ","other_party":"もみじ福山支店 コアシステムス゛本社 仕共内10","row_no":2399,"raw_text":"事務所維持費 / 2,200 / ﾋﾞｰﾌｨｰﾙﾄﾞ / ﾋﾞｰﾌｨｰﾙﾄﾞ / 12,220,684 / もみじ福山支店 / コアシステムス゛本社 / 仕共内10"}
140Fg34UWrvdYC8Gjo1nr1WmmHXHOCnf3	普通預金.pdf	43	normalized_rows	{"date":"2026-03-02","amount":122630,"summary":"CB リース料（販） その他","other_party":"W82C007437795 中国銀行","row_no":2414,"raw_text":"ﾘｰｽ ㈱NEO-GRIT様 ｼﾞｬｶﾞｰFﾍﾟｰｽ ZN6C / 諸口 / 122,630 / CB リース料（販） その他 / 12,098,054 / W82C007437795 / 中国銀行"}
140Fg34UWrvdYC8Gjo1nr1WmmHXHOCnf3	普通預金.pdf	43	normalized_rows	{"date":"2026-03-02","amount":8000000,"summary":"14,371,912 006754","other_party":"広島銀行② 車両","row_no":2419,"raw_text":"齋藤誠様 ﾍﾞﾝﾄﾚｰｺﾝﾁﾈﾝﾀﾙ AzureV8 PC / 齋藤誠様 ﾍﾞﾝﾄﾚｰｺﾝﾁﾈﾝﾀﾙ AzureV8 PC / 03/03 / 売掛金 / 8,000,000 / 14,371,912 / 006754 / 006754 / 広島銀行② / 車両"}
140Fg34UWrvdYC8Gjo1nr1WmmHXHOCnf3	普通預金.pdf	43	normalized_rows	{"date":"2026-03-02","amount":582140,"summary":"社会保険料 R8.1月分 社会保険料 R8.1月分","other_party":"笠岡信用組合 社会保険料","row_no":2425,"raw_text":"未払金 / 582,140 / 社会保険料 R8.1月分 / 社会保険料 R8.1月分 / 11,515,914 / 笠岡信用組合 / 社会保険料"}
140Fg34UWrvdYC8Gjo1nr1WmmHXHOCnf3	普通預金.pdf	43	normalized_rows	{"date":"2026-03-02","amount":71976,"summary":"ﾄﾖﾀﾌｧｲﾅﾝｽ ｶﾞｿﾘﾝ代、他 CB 燃料費 軽油税31","other_party":"もみじ福山支店","row_no":2431,"raw_text":"諸口 / 71,976 / ﾄﾖﾀﾌｧｲﾅﾝｽ ｶﾞｿﾘﾝ代、他 / CB 燃料費 軽油税31 / 11,443,938 / もみじ福山支店"}
140Fg34UWrvdYC8Gjo1nr1WmmHXHOCnf3	普通預金.pdf	43	normalized_rows	{"date":"2026-03-02","amount":147630,"summary":"長期借入金 笠信 1,500万（R8.1～ 長期借入金 笠信1500万円","other_party":"笠岡信用組合","row_no":2471,"raw_text":"諸口 / 147,630 / 長期借入金 笠信 1,500万（R8.1～ / 長期借入金 笠信1500万円 / 11,296,308 / 笠岡信用組合"}
140Fg34UWrvdYC8Gjo1nr1WmmHXHOCnf3	普通預金.pdf	43	normalized_rows	{"date":"2026-03-02","amount":367098,"summary":"長期借入金 政策253,000","other_party":"万 笠岡信用組合","row_no":2472,"raw_text":"長期借入金 日本政策金融公庫 6,000 / 諸口 / 367,098 / 長期借入金 政策253,000 / 10,929,210 / 万 / 笠岡信用組合"}
140Fg34UWrvdYC8Gjo1nr1WmmHXHOCnf3	普通預金.pdf	43	normalized_rows	{"date":"2026-03-02","amount":1710505,"summary":"長期借入金 政策1,179,000","other_party":"0万 笠岡信用組合","row_no":2473,"raw_text":"長期借入金 日本政策金融公庫 2億795 / 諸口 / 1,710,505 / 長期借入金 政策1,179,000 / 9,218,705 / 0万 / 笠岡信用組合"}
140Fg34UWrvdYC8Gjo1nr1WmmHXHOCnf3	普通預金.pdf	43	normalized_rows	{"date":"2026-03-02","amount":515540,"summary":"笠信ｺﾛﾅ 3000（492） 長期借入金 笠信ｺﾛﾅ3000(492)","other_party":"笠岡信用組合","row_no":2474,"raw_text":"諸口 / 515,540 / 笠信ｺﾛﾅ 3000（492） / 長期借入金 笠信ｺﾛﾅ3000(492) / 8,703,165 / 笠岡信用組合"}
140Fg34UWrvdYC8Gjo1nr1WmmHXHOCnf3	普通預金.pdf	43	normalized_rows	{"date":"2026-03-02","amount":386306,"summary":"長期借入金 笠信長期4000保証","other_party":"会 笠岡信用組合","row_no":2523,"raw_text":"笠信 長期借入金 4.000万円 保証協 / 諸口 / 386,306 / 長期借入金 笠信長期4000保証 / 8,316,859 / 会 / 笠岡信用組合"}
140Fg34UWrvdYC8Gjo1nr1WmmHXHOCnf3	普通預金.pdf	43	normalized_rows	{"date":"2026-03-02","amount":93972,"summary":"笠信 貸付利息 7000万円 笠信 貸付利息 7000万円","other_party":"笠岡信用組合 その他","row_no":2525,"raw_text":"未払金 / 93,972 / 笠信 貸付利息 7000万円 / 笠信 貸付利息 7000万円 / 8,222,887 / 笠岡信用組合 / その他"}
140Fg34UWrvdYC8Gjo1nr1WmmHXHOCnf3	普通預金.pdf	43	normalized_rows	{"date":"2026-03-02","amount":1643852,"summary":"長期借入金 笠信 2億6,000万 長期借入金 笠信 2600千万","other_party":"笠岡信用組合","row_no":2526,"raw_text":"諸口 / 1,643,852 / 長期借入金 笠信 2億6,000万 / 長期借入金 笠信 2600千万 / 6,579,035 / 笠岡信用組合"}
140Fg34UWrvdYC8Gjo1nr1WmmHXHOCnf3	普通預金.pdf	43	normalized_rows	{"date":"2026-03-02","amount":207123,"summary":"","other_party":"じより笠信へ引落変更分） じより笠信へ引落変更分） 笠岡信用組合 その他","row_no":2527,"raw_text":"日本政策金融公庫 利息分（8/29～もみ / 日本政策金融公庫 利息分（8/29～もみ / 未払金 / 207,123 / 6,371,912 / じより笠信へ引落変更分） / じより笠信へ引落変更分） / 笠岡信用組合 / その他"}
140Fg34UWrvdYC8Gjo1nr1WmmHXHOCnf3	普通預金.pdf	43	normalized_rows	{"date":"2026-03-04","amount":53240,"summary":"ﾘｺｰﾘｰｽ PCﾘｰｽ料 各店舗 本社 リース料（販） リコーリース31","other_party":"もみじ福山支店","row_no":2423,"raw_text":"諸口 / 53,240 / ﾘｺｰﾘｰｽ PCﾘｰｽ料 各店舗 / 本社 リース料（販） リコーリース31 / 14,318,672 / もみじ福山支店"}
140Fg34UWrvdYC8Gjo1nr1WmmHXHOCnf3	普通預金.pdf	43	normalized_rows	{"date":"2026-03-04","amount":88000,"summary":"未来経営福山事務所 2月分 未来経営福山事務所 2月分","other_party":"笠岡信用組合 本社 仕共内10","row_no":2424,"raw_text":"顧問料 / 88,000 / 未来経営福山事務所 2月分 / 未来経営福山事務所 2月分 / 14,230,672 / 笠岡信用組合 / 本社 / 仕共内10"}
140Fg34UWrvdYC8Gjo1nr1WmmHXHOCnf3	普通預金.pdf	44	normalized_rows	{"date":"2026-03-04","amount":80085,"summary":"","other_party":"明文様､他 中国銀行","row_no":2426,"raw_text":"三井住友海上火災保険㈱ 自賠責 宮崎 / 03/05 / 諸口 / 80,085 / 14,150,587 / 明文様､他 / 中国銀行"}
140Fg34UWrvdYC8Gjo1nr1WmmHXHOCnf3	普通預金.pdf	44	normalized_rows	{"date":"2026-03-09","amount":3026,"summary":"笠信 決算利息 笠信 決算利息","other_party":"笠岡信用組合 預金利息12 本社 売非課税","row_no":2465,"raw_text":"受取利息 / 3,026 / 笠信 決算利息 / 笠信 決算利息 / 16,153,613 / 笠岡信用組合 / 預金利息12 / 本社 / 売非課税"}
140Fg34UWrvdYC8Gjo1nr1WmmHXHOCnf3	普通預金.pdf	44	normalized_rows	{"date":"2026-03-09","amount":3754,"summary":"広銀 受取利息 広銀 受取利息","other_party":"広島銀行② 預金利息12 本社 売非課税","row_no":2467,"raw_text":"受取利息 / 3,754 / 広銀 受取利息 / 広銀 受取利息 / 16,157,367 / 広島銀行② / 預金利息12 / 本社 / 売非課税"}
140Fg34UWrvdYC8Gjo1nr1WmmHXHOCnf3	普通預金.pdf	44	normalized_rows	{"date":"2026-03-09","amount":1210,"summary":"手数料 法人IB 手数料 法人IB","other_party":"広島信用金庫 課税31 本社 仕共内10","row_no":2469,"raw_text":"支払手数料 / 1,210 / 手数料 法人IB / 手数料 法人IB / 16,156,157 / 広島信用金庫 / 課税31 / 本社 / 仕共内10"}
140Fg34UWrvdYC8Gjo1nr1WmmHXHOCnf3	普通預金.pdf	44	normalized_rows	{"date":"2026-03-09","amount":3000000,"summary":"該当なし カ)ブリツジ 該当なし カ)ブリツジ","other_party":"笠岡信用組合","row_no":2481,"raw_text":"諸口 / 3,000,000 / 該当なし カ)ブリツジ / 該当なし カ)ブリツジ / 19,156,157 / 笠岡信用組合"}
140Fg34UWrvdYC8Gjo1nr1WmmHXHOCnf3	普通預金.pdf	44	normalized_rows	{"date":"2026-03-09","amount":3000000,"summary":"該当なし EBフリコミ 該当なし EBフリコミ","other_party":"広島銀行②","row_no":2482,"raw_text":"諸口 / 3,000,000 / 該当なし EBフリコミ / 該当なし EBフリコミ / 16,156,157 / 広島銀行②"}
140Fg34UWrvdYC8Gjo1nr1WmmHXHOCnf3	普通預金.pdf	44	normalized_rows	{"date":"2026-03-10","amount":442919,"summary":"該当なし トラストクラブ 該当なし トラストクラブ","other_party":"笠岡信用組合","row_no":2490,"raw_text":"諸口 / 442,919 / 該当なし トラストクラブ / 該当なし トラストクラブ / 15,713,238 / 笠岡信用組合"}
140Fg34UWrvdYC8Gjo1nr1WmmHXHOCnf3	普通預金.pdf	44	normalized_rows	{"date":"2026-03-10","amount":1650,"summary":"B-WEB基本手数料 B-WEB基本手数料","other_party":"広島銀行② 課税31 本社 仕共内10","row_no":2493,"raw_text":"支払手数料 / 1,650 / B-WEB基本手数料 / B-WEB基本手数料 / 15,711,588 / 広島銀行② / 課税31 / 本社 / 仕共内10"}
140Fg34UWrvdYC8Gjo1nr1WmmHXHOCnf3	普通預金.pdf	44	normalized_rows	{"date":"2026-03-10","amount":2530,"summary":"B-WEB伝送基本手数料 B-WEB伝送基本手数料","other_party":"広島銀行② 課税31 本社 仕共内10","row_no":2494,"raw_text":"支払手数料 / 2,530 / B-WEB伝送基本手数料 / B-WEB伝送基本手数料 / 15,709,058 / 広島銀行② / 課税31 / 本社 / 仕共内10"}
140Fg34UWrvdYC8Gjo1nr1WmmHXHOCnf3	普通預金.pdf	44	normalized_rows	{"date":"2026-03-10","amount":16280,"summary":"B-WEB振込手数料 B-WEB振込手数料","other_party":"広島銀行② 課税31 本社 仕共内10","row_no":2495,"raw_text":"支払手数料 / 16,280 / B-WEB振込手数料 / B-WEB振込手数料 / 15,692,778 / 広島銀行② / 課税31 / 本社 / 仕共内10"}
140Fg34UWrvdYC8Gjo1nr1WmmHXHOCnf3	普通預金.pdf	44	normalized_rows	{"date":"2026-03-10","amount":3850,"summary":"FBｻｰﾋﾞｽ手数料 FBｻｰﾋﾞｽ手数料","other_party":"中国銀行 課税31 本社 仕共内10","row_no":2504,"raw_text":"支払手数料 / 3,850 / FBｻｰﾋﾞｽ手数料 / FBｻｰﾋﾞｽ手数料 / 15,688,928 / 中国銀行 / 課税31 / 本社 / 仕共内10"}
140Fg34UWrvdYC8Gjo1nr1WmmHXHOCnf3	普通預金.pdf	44	normalized_rows	{"date":"2026-03-10","amount":2310,"summary":"振込手数料 振込手数料","other_party":"もみじ福山支店 課税31 本社 仕共内10","row_no":2505,"raw_text":"支払手数料 / 2,310 / 振込手数料 / 振込手数料 / 15,686,618 / もみじ福山支店 / 課税31 / 本社 / 仕共内10"}
140Fg34UWrvdYC8Gjo1nr1WmmHXHOCnf3	普通預金.pdf	44	normalized_rows	{"date":"2026-03-10","amount":3630,"summary":"IB手数料 IB手数料","other_party":"もみじ福山支店 課税31 本社 仕共内10","row_no":2506,"raw_text":"支払手数料 / 3,630 / IB手数料 / IB手数料 / 15,682,988 / もみじ福山支店 / 課税31 / 本社 / 仕共内10"}
140Fg34UWrvdYC8Gjo1nr1WmmHXHOCnf3	普通預金.pdf	44	normalized_rows	{"date":"2026-03-10","amount":913495,"summary":"該当なし 口座振替4 トラストクラブ 該当なし 口座振替4 トラストクラブ","other_party":"もみじ福山支店","row_no":2507,"raw_text":"諸口 / 913,495 / 該当なし 口座振替4 トラストクラブ / 該当なし 口座振替4 トラストクラブ / 14,769,493 / もみじ福山支店"}
140Fg34UWrvdYC8Gjo1nr1WmmHXHOCnf3	普通預金.pdf	44	normalized_rows	{"date":"2026-03-10","amount":989959,"summary":"該当なし 口座振替4 トラストクラブ 該当なし 口座振替4 トラストクラブ","other_party":"もみじ福山支店","row_no":2508,"raw_text":"諸口 / 989,959 / 該当なし 口座振替4 トラストクラブ / 該当なし 口座振替4 トラストクラブ / 13,779,534 / もみじ福山支店"}
140Fg34UWrvdYC8Gjo1nr1WmmHXHOCnf3	普通預金.pdf	44	normalized_rows	{"date":"2026-03-10","amount":150000,"summary":"㈱橋本商事 (㈱A’crews) ㈱橋本商事 (㈱A’crews)","other_party":"広島銀行② その他","row_no":2509,"raw_text":"売掛金 / 150,000 / ㈱橋本商事 (㈱A’crews) / ㈱橋本商事 (㈱A’crews) / 13,929,534 / 広島銀行② / その他"}
140Fg34UWrvdYC8Gjo1nr1WmmHXHOCnf3	普通預金.pdf	44	normalized_rows	{"date":"2026-03-10","amount":72800,"summary":"住民税 福山市 2026/02月分 住民税 福山市 2026/02月分","other_party":"広島銀行② 住民税","row_no":2579,"raw_text":"預り金 / 72,800 / 住民税 福山市 2026/02月分 / 住民税 福山市 2026/02月分 / 13,856,734 / 広島銀行② / 住民税"}
140Fg34UWrvdYC8Gjo1nr1WmmHXHOCnf3	普通預金.pdf	44	normalized_rows	{"date":"2026-03-10","amount":700000,"summary":"橋本祥子取締役 仮受金 橋本祥子取締役 仮受金","other_party":"笠岡信用組合","row_no":2580,"raw_text":"仮受金 / 700,000 / 橋本祥子取締役 仮受金 / 橋本祥子取締役 仮受金 / 13,156,734 / 笠岡信用組合"}
140Fg34UWrvdYC8Gjo1nr1WmmHXHOCnf3	普通預金.pdf	44	normalized_rows	{"date":"2026-03-10","amount":134892,"summary":"給与 但井智哉 2月分 給与 但井智哉 2月分","other_party":"笠岡信用組合 給料","row_no":2581,"raw_text":"未払金 / 134,892 / 給与 但井智哉 2月分 / 給与 但井智哉 2月分 / 13,021,842 / 笠岡信用組合 / 給料"}
140Fg34UWrvdYC8Gjo1nr1WmmHXHOCnf3	普通預金.pdf	44	normalized_rows	{"date":"2026-03-10","amount":118824,"summary":"給与 藤本吉則 2月分 給与 藤本吉則 2月分","other_party":"笠岡信用組合 給料","row_no":2582,"raw_text":"未払金 / 118,824 / 給与 藤本吉則 2月分 / 給与 藤本吉則 2月分 / 12,903,018 / 笠岡信用組合 / 給料"}
140Fg34UWrvdYC8Gjo1nr1WmmHXHOCnf3	普通預金.pdf	44	normalized_rows	{"date":"2026-03-10","amount":100000,"summary":"銚子部長 銚子部長","other_party":"広島銀行② NPO法人","row_no":2583,"raw_text":"仮払金 / 100,000 / 銚子部長 / 銚子部長 / 12,803,018 / 広島銀行② / NPO法人"}
140Fg34UWrvdYC8Gjo1nr1WmmHXHOCnf3	普通預金.pdf	44	normalized_rows	{"date":"2026-03-10","amount":148183,"summary":"給与 宮崎亜希子 2月分 給与 宮崎亜希子 2月分","other_party":"笠岡信用組合 給料","row_no":2584,"raw_text":"未払金 / 148,183 / 給与 宮崎亜希子 2月分 / 給与 宮崎亜希子 2月分 / 12,654,835 / 笠岡信用組合 / 給料"}
140Fg34UWrvdYC8Gjo1nr1WmmHXHOCnf3	普通預金.pdf	44	normalized_rows	{"date":"2026-03-10","amount":246546,"summary":"給与 橋本慎吾社長 2月分 給与 橋本慎吾社長 2月分","other_party":"笠岡信用組合 給料","row_no":2585,"raw_text":"未払金 / 246,546 / 給与 橋本慎吾社長 2月分 / 給与 橋本慎吾社長 2月分 / 12,408,289 / 笠岡信用組合 / 給料"}
140Fg34UWrvdYC8Gjo1nr1WmmHXHOCnf3	普通預金.pdf	44	normalized_rows	{"date":"2026-03-10","amount":444969,"summary":"髙田自動車 2月分 髙田自動車 2月分","other_party":"広島銀行② 高田","row_no":2586,"raw_text":"未払金 / 444,969 / 髙田自動車 2月分 / 髙田自動車 2月分 / 11,963,320 / 広島銀行② / 高田"}
140Fg34UWrvdYC8Gjo1nr1WmmHXHOCnf3	普通預金.pdf	44	normalized_rows	{"date":"2026-03-10","amount":130000,"summary":"給与 桒原裕樹 2月分 給与 桒原裕樹 2月分","other_party":"広島銀行② 給料","row_no":2587,"raw_text":"未払金 / 130,000 / 給与 桒原裕樹 2月分 / 給与 桒原裕樹 2月分 / 11,833,320 / 広島銀行② / 給料"}
140Fg34UWrvdYC8Gjo1nr1WmmHXHOCnf3	普通預金.pdf	45	normalized_rows	{"date":"2026-03-10","amount":325364,"summary":"給与 桒原裕樹 2月分 給与 桒原裕樹 2月分","other_party":"広島銀行② 給料","row_no":2588,"raw_text":"未払金 / 325,364 / 給与 桒原裕樹 2月分 / 給与 桒原裕樹 2月分 / 11,507,956 / 広島銀行② / 給料"}
140Fg34UWrvdYC8Gjo1nr1WmmHXHOCnf3	普通預金.pdf	45	normalized_rows	{"date":"2026-03-10","amount":14600,"summary":"田中賢治様 ﾘｰｽ料 田中賢治様 ﾘｰｽ料","other_party":"広島銀行② 田中賢治シェア31 CB 免80仕課内10","row_no":2589,"raw_text":"リース料（販） / 14,600 / 田中賢治様 ﾘｰｽ料 / 田中賢治様 ﾘｰｽ料 / 11,493,356 / 広島銀行② / 田中賢治シェア31 CB / 免80仕課内10"}
140Fg34UWrvdYC8Gjo1nr1WmmHXHOCnf3	普通預金.pdf	45	normalized_rows	{"date":"2026-03-10","amount":32676781,"summary":"","other_party":"11-R8/7/31 11-R8/7/31 笠岡信用組合 笠信 3,300万","row_no":2590,"raw_text":"手形貸付 短期借入 3,300万円 R8/3/ / 手形貸付 短期借入 3,300万円 R8/3/ / 03/11 / 短期借入金 / 32,676,781 / 44,155,865 / 11-R8/7/31 / 11-R8/7/31 / 笠岡信用組合 / 笠信 3,300万"}
140Fg34UWrvdYC8Gjo1nr1WmmHXHOCnf3	普通預金.pdf	45	normalized_rows	{"date":"2026-03-10","amount":10000,"summary":"笠信 収入印紙 手形貸付 3,300万 笠信 収入印紙 手形貸付 3,300万","other_party":"笠岡信用組合 印紙 本社","row_no":2591,"raw_text":"租税公課 / 10,000 / 笠信 収入印紙 手形貸付 3,300万 / 笠信 収入印紙 手形貸付 3,300万 / 11,483,356 / 笠岡信用組合 / 印紙 / 本社"}
140Fg34UWrvdYC8Gjo1nr1WmmHXHOCnf3	普通預金.pdf	45	normalized_rows	{"date":"2026-03-10","amount":4272,"summary":"ｱｽｸﾙ 2月 天然水､他 CB 販売促進費 その他","other_party":"広島銀行②","row_no":2592,"raw_text":"諸口 / 4,272 / ｱｽｸﾙ 2月 天然水､他 / CB 販売促進費 その他 / 11,479,084 / 広島銀行②"}
140Fg34UWrvdYC8Gjo1nr1WmmHXHOCnf3	普通預金.pdf	45	normalized_rows	{"date":"2026-03-12","amount":330,"summary":"手数料 手数料","other_party":"笠岡信用組合 課税31 本社 仕課内10","row_no":2514,"raw_text":"支払手数料 / 330 / 手数料 / 手数料 / 44,155,535 / 笠岡信用組合 / 課税31 / 本社 / 仕課内10"}
140Fg34UWrvdYC8Gjo1nr1WmmHXHOCnf3	普通預金.pdf	45	normalized_rows	{"date":"2026-03-12","amount":330,"summary":"手数料 手数料","other_party":"笠岡信用組合 課税31 本社 仕共内10","row_no":2516,"raw_text":"支払手数料 / 330 / 手数料 / 手数料 / 44,155,205 / 笠岡信用組合 / 課税31 / 本社 / 仕共内10"}
140Fg34UWrvdYC8Gjo1nr1WmmHXHOCnf3	普通預金.pdf	45	normalized_rows	{"date":"2026-03-12","amount":17008400,"summary":"","other_party":"C006754 C006754 広島銀行② 車両","row_no":2520,"raw_text":"ｼﾞｬｯｸｽ 斎藤誠様 ﾍﾞﾝﾄﾚｰ ｺﾝﾁﾈﾝﾀﾙ P / ｼﾞｬｯｸｽ 斎藤誠様 ﾍﾞﾝﾄﾚｰ ｺﾝﾁﾈﾝﾀﾙ P / 買掛金 / 17,008,400 / 27,046,805 / C006754 / C006754 / 広島銀行② / 車両"}
140Fg34UWrvdYC8Gjo1nr1WmmHXHOCnf3	普通預金.pdf	45	normalized_rows	{"date":"2026-03-12","amount":73425,"summary":"","other_party":"ﾌﾞﾘｯｼﾞ 三宅修司 陶山哲宏 三栄石 中国銀行","row_no":2522,"raw_text":"三井住友海上火災保険㈱ ﾌﾙﾓﾄ建機㈱ / 諸口 / 73,425 / 26,973,380 / ﾌﾞﾘｯｼﾞ 三宅修司 陶山哲宏 三栄石 / 中国銀行"}
140Fg34UWrvdYC8Gjo1nr1WmmHXHOCnf3	普通預金.pdf	45	normalized_rows	{"date":"2026-03-12","amount":401860,"summary":"27,375,240 06860","other_party":"広島銀行② 車両","row_no":2530,"raw_text":"㈱ｶｰｽﾞﾄﾞﾛｯﾌﾟｲﾝ MB/Gｸﾗｽ.W1N4653102X0 / ㈱ｶｰｽﾞﾄﾞﾛｯﾌﾟｲﾝ MB/Gｸﾗｽ.W1N4653102X0 / 売掛金 / 401,860 / 27,375,240 / 06860 / 06860 / 広島銀行② / 車両"}
140Fg34UWrvdYC8Gjo1nr1WmmHXHOCnf3	普通預金.pdf	45	normalized_rows	{"date":"2026-03-12","amount":380712,"summary":"中銀ｶｰﾄﾞ JCB","other_party":"SB24431 中国銀行 整備","row_no":2565,"raw_text":"中銀ｶｰﾄﾞ JCB ㈱ｱｸｾ 高垣圭一朗様 / 03/16 / 売掛金 / 380,712 / 中銀ｶｰﾄﾞ JCB / 27,755,952 / SB24431 / 中国銀行 / 整備"}
140Fg34UWrvdYC8Gjo1nr1WmmHXHOCnf3	普通預金.pdf	45	normalized_rows	{"date":"2026-03-12","amount":117612,"summary":"中銀ｶｰﾄﾞ VISA","other_party":"中国銀行","row_no":2566,"raw_text":"諸口 / 117,612 / 中銀ｶｰﾄﾞ VISA / 27,873,564 / 中国銀行"}
140Fg34UWrvdYC8Gjo1nr1WmmHXHOCnf3	普通預金.pdf	45	normalized_rows	{"date":"2026-03-12","amount":194799,"summary":"","other_party":"数料 数料 笠岡信用組合 CB 売内10","row_no":2567,"raw_text":"三井住友海上火災保険㈱ 代理店保険手 / 三井住友海上火災保険㈱ 代理店保険手 / 保険手数料 / 194,799 / 28,068,363 / 数料 / 数料 / 笠岡信用組合 / CB / 売内10"}
140Fg34UWrvdYC8Gjo1nr1WmmHXHOCnf3	普通預金.pdf	45	normalized_rows	{"date":"2026-03-12","amount":15915,"summary":"","other_party":"典明様 典明様 中国銀行 預かり法定費用","row_no":2570,"raw_text":"三井住友海上火災保険㈱ 自賠責 仲本 / 三井住友海上火災保険㈱ 自賠責 仲本 / 預り金 / 15,915 / 28,052,448 / 典明様 / 典明様 / 中国銀行 / 預かり法定費用"}
140Fg34UWrvdYC8Gjo1nr1WmmHXHOCnf3	普通預金.pdf	45	normalized_rows	{"date":"2026-03-18","amount":1100,"summary":"手数料 手数料","other_party":"笠岡信用組合 課税31 本社 仕共内10","row_no":2574,"raw_text":"支払手数料 / 1,100 / 手数料 / 手数料 / 28,051,348 / 笠岡信用組合 / 課税31 / 本社 / 仕共内10"}
140Fg34UWrvdYC8Gjo1nr1WmmHXHOCnf3	普通預金.pdf	45	normalized_rows	{"date":"2026-03-18","amount":9283350,"summary":"","other_party":"C006754 C006754 広島銀行② 車両","row_no":2575,"raw_text":"ﾌﾟﾚﾐｱ㈱ 斎藤誠様 ﾍﾞﾝﾄﾚｰｺﾝﾁﾈﾝﾀﾙ 3P / ﾌﾟﾚﾐｱ㈱ 斎藤誠様 ﾍﾞﾝﾄﾚｰｺﾝﾁﾈﾝﾀﾙ 3P / 売掛金 / 9,283,350 / 37,334,698 / C006754 / C006754 / 広島銀行② / 車両"}
140Fg34UWrvdYC8Gjo1nr1WmmHXHOCnf3	普通預金.pdf	45	normalized_rows	{"date":"2026-03-23","amount":15243,"summary":"ｷｬﾉﾝ ﾏｾﾗﾃｨ ｺﾋﾟｰ使用料 ｷｬﾉﾝ ﾏｾﾗﾃｨ ｺﾋﾟｰ使用料","other_party":"もみじ福山支店 SMBCキャノン31 ﾏｾﾗﾃｨ福山-車両仕課内10","row_no":2599,"raw_text":"事務所維持費 / 15,243 / ｷｬﾉﾝ ﾏｾﾗﾃｨ ｺﾋﾟｰ使用料 / ｷｬﾉﾝ ﾏｾﾗﾃｨ ｺﾋﾟｰ使用料 / 37,319,455 / もみじ福山支店 / SMBCキャノン31 / ﾏｾﾗﾃｨ福山-車両仕課内10"}
140Fg34UWrvdYC8Gjo1nr1WmmHXHOCnf3	普通預金.pdf	45	normalized_rows	{"date":"2026-03-23","amount":5200,"summary":"","other_party":"て 2641 て 2641 広島銀行② 預かり法定費用","row_no":2600,"raw_text":"希望番号 小俣英夫様 北九州 330 / 希望番号 小俣英夫様 北九州 330 / 預り金 / 5,200 / 37,314,255 / て 2641 / て 2641 / 広島銀行② / 預かり法定費用"}
140Fg34UWrvdYC8Gjo1nr1WmmHXHOCnf3	普通預金.pdf	45	normalized_rows	{"date":"2026-03-23","amount":31830,"summary":"","other_party":"雅一様 ｻﾝ開発㈱様 中国銀行","row_no":2601,"raw_text":"三井住友海上火災保険㈱ 自賠責 谷川 / 諸口 / 31,830 / 37,282,425 / 雅一様 ｻﾝ開発㈱様 / 中国銀行"}
140Fg34UWrvdYC8Gjo1nr1WmmHXHOCnf3	普通預金.pdf	45	normalized_rows	{"date":"2026-03-23","amount":55862,"summary":"本社 支払保険料 三井住友海上34","other_party":"料 中国銀行","row_no":2602,"raw_text":"三井住友海上火災保険㈱ 対人対物保険 / 諸口 / 55,862 / 本社 支払保険料 三井住友海上34 / 37,226,563 / 料 / 中国銀行"}
140Fg34UWrvdYC8Gjo1nr1WmmHXHOCnf3	普通預金.pdf	45	normalized_rows	{"date":"2026-03-23","amount":55330,"summary":"CB リース料（販） その他","other_party":"ﾓ 中国銀行","row_no":2605,"raw_text":"ﾘｰｽ ㈱ﾌﾚｯﾁｪﾎﾞｽｺ様 ﾏｾﾗﾃｨ ｸﾞﾗﾝﾄｩﾘｽﾞ / 諸口 / 55,330 / CB リース料（販） その他 / 37,171,233 / ﾓ / 中国銀行"}
140Fg34UWrvdYC8Gjo1nr1WmmHXHOCnf3	普通預金.pdf	46	normalized_rows	{"date":"2026-03-23","amount":33000,"summary":"SMBC(ﾌﾟﾛﾄｺｰﾎﾟﾚｰｼｮﾝ）2月分 SMBC(ﾌﾟﾛﾄｺｰﾎﾟﾚｰｼｮﾝ）2月分","other_party":"笠岡信用組合 フ゜ ロトコーホ CB 仕課内10","row_no":2606,"raw_text":"販売促進費 / 33,000 / SMBC(ﾌﾟﾛﾄｺｰﾎﾟﾚｰｼｮﾝ）2月分 / SMBC(ﾌﾟﾛﾄｺｰﾎﾟﾚｰｼｮﾝ）2月分 / 37,138,233 / 笠岡信用組合 / フ゜ ロトコーホ / CB / 仕課内10"}
140Fg34UWrvdYC8Gjo1nr1WmmHXHOCnf3	普通預金.pdf	46	normalized_rows	{"date":"2026-03-23","amount":122630,"summary":"CB リース料（販） その他","other_party":"W82C007437795 中国銀行","row_no":2650,"raw_text":"ﾘｰｽ ㈱NEO-GRIT様 ｼﾞｬｶﾞｰFﾍﾟｰｽ ZN6C / 諸口 / 122,630 / CB リース料（販） その他 / 37,015,603 / W82C007437795 / 中国銀行"}
140Fg34UWrvdYC8Gjo1nr1WmmHXHOCnf3	普通預金.pdf	46	normalized_rows	{"date":"2026-03-24","amount":9882700,"summary":"小俣英夫様 Grecale Trofeo 小俣英夫様 Grecale Trofeo","other_party":"広島銀行②","row_no":2613,"raw_text":"仮受金 / 9,882,700 / 小俣英夫様 Grecale Trofeo / 小俣英夫様 Grecale Trofeo / 46,898,303 / 広島銀行②"}
140Fg34UWrvdYC8Gjo1nr1WmmHXHOCnf3	普通預金.pdf	46	normalized_rows	{"date":"2026-03-25","amount":300000,"summary":"職業安定所助成金（藤本吉則さん分） 職業安定所助成金（藤本吉則さん分）","other_party":"笠岡信用組合 その他 本社 対象外","row_no":2611,"raw_text":"雑収入 / 300,000 / 職業安定所助成金（藤本吉則さん分） / 職業安定所助成金（藤本吉則さん分） / 47,198,303 / 笠岡信用組合 / その他 / 本社 / 対象外"}
140Fg34UWrvdYC8Gjo1nr1WmmHXHOCnf3	普通預金.pdf	46	normalized_rows	{"date":"2026-03-25","amount":220000,"summary":"ﾘｰｽ ｿﾚｲﾕ Soleil（松尾様）MC20 ﾘｰｽ ｿﾚｲﾕ Soleil（松尾様）MC20","other_party":"笠岡信用組合 合同会社 Soleil CB 仕課内10","row_no":2626,"raw_text":"リース料（販） / 220,000 / ﾘｰｽ ｿﾚｲﾕ Soleil（松尾様）MC20 / ﾘｰｽ ｿﾚｲﾕ Soleil（松尾様）MC20 / 46,978,303 / 笠岡信用組合 / 合同会社 Soleil CB / 仕課内10"}
140Fg34UWrvdYC8Gjo1nr1WmmHXHOCnf3	普通預金.pdf	46	normalized_rows	{"date":"2026-03-25","amount":2017000,"summary":"㈱橋本商事 ㈱橋本商事","other_party":"笠岡信用組合 橋本商事","row_no":2627,"raw_text":"買掛金 / 2,017,000 / ㈱橋本商事 / ㈱橋本商事 / 44,961,303 / 笠岡信用組合 / 橋本商事"}
140Fg34UWrvdYC8Gjo1nr1WmmHXHOCnf3	普通預金.pdf	46	normalized_rows	{"date":"2026-03-26","amount":3679,"summary":"まるとく 本社ｺﾋﾟｰ機 まるとく 本社ｺﾋﾟｰ機","other_party":"もみじ福山支店 その他31 本社 仕共内10","row_no":2620,"raw_text":"事務所維持費 / 3,679 / まるとく 本社ｺﾋﾟｰ機 / まるとく 本社ｺﾋﾟｰ機 / 44,957,624 / もみじ福山支店 / その他31 / 本社 / 仕共内10"}
140Fg34UWrvdYC8Gjo1nr1WmmHXHOCnf3	普通預金.pdf	46	normalized_rows	{"date":"2026-03-26","amount":3900,"summary":"中国新聞 中国新聞","other_party":"もみじ福山支店 本社 仕共内10","row_no":2621,"raw_text":"新聞図書費 / 3,900 / 中国新聞 / 中国新聞 / 44,953,724 / もみじ福山支店 / 本社 / 仕共内10"}
140Fg34UWrvdYC8Gjo1nr1WmmHXHOCnf3	普通預金.pdf	46	normalized_rows	{"date":"2026-03-26","amount":44261,"summary":"ｿﾌﾄﾊﾞﾝｸ㈱ 2月分 ｿﾌﾄﾊﾞﾝｸ㈱ 2月分","other_party":"広島銀行② 本社 仕共内10","row_no":2624,"raw_text":"通信費 / 44,261 / ｿﾌﾄﾊﾞﾝｸ㈱ 2月分 / ｿﾌﾄﾊﾞﾝｸ㈱ 2月分 / 44,909,463 / 広島銀行② / 本社 / 仕共内10"}
140Fg34UWrvdYC8Gjo1nr1WmmHXHOCnf3	普通預金.pdf	46	normalized_rows	{"date":"2026-03-26","amount":124750,"summary":"三井住友海上火災保険㈱ 損害保険 三井住友海上火災保険㈱ 損害保険","other_party":"笠岡信用組合 三井住友海上34 本社","row_no":2625,"raw_text":"支払保険料 / 124,750 / 三井住友海上火災保険㈱ 損害保険 / 三井住友海上火災保険㈱ 損害保険 / 44,784,713 / 笠岡信用組合 / 三井住友海上34 / 本社"}
140Fg34UWrvdYC8Gjo1nr1WmmHXHOCnf3	普通預金.pdf	46	normalized_rows	{"date":"2026-03-26","amount":10000,"summary":"","other_party":"広島銀行② その他 本社 対象外","row_no":2628,"raw_text":"衆議院議員小林史明「励ます会」参加費 / 衆議院議員小林史明「励ます会」参加費 / 交際費 / 10,000 / 44,774,713 / 広島銀行② / その他 / 本社 / 対象外"}
140Fg34UWrvdYC8Gjo1nr1WmmHXHOCnf3	普通預金.pdf	46	normalized_rows	{"date":"2026-03-26","amount":66000,"summary":"","other_party":"ド会員費 ド会員費 笠岡信用組合 CB 仕課内10","row_no":2634,"raw_text":"カープレミアクラブディーラー ゴール / カープレミアクラブディーラー ゴール / 03/27 / 諸会費 / 66,000 / 44,708,713 / ド会員費 / ド会員費 / 笠岡信用組合 / CB / 仕課内10"}
140Fg34UWrvdYC8Gjo1nr1WmmHXHOCnf3	普通預金.pdf	46	normalized_rows	{"date":"2026-03-26","amount":8000000,"summary":"","other_party":"11-R8/7/31 11-R8/7/31 笠岡信用組合 笠信 3,300万","row_no":2635,"raw_text":"手形貸付 短期借入 3,300万円 R8/3/ / 手形貸付 短期借入 3,300万円 R8/3/ / 短期借入金 / 8,000,000 / 36,708,713 / 11-R8/7/31 / 11-R8/7/31 / 笠岡信用組合 / 笠信 3,300万"}
140Fg34UWrvdYC8Gjo1nr1WmmHXHOCnf3	普通預金.pdf	46	normalized_rows	{"date":"2026-03-26","amount":69041,"summary":"","other_party":"28-R8/7/31 万円 R8/3/28-R8/7/31 笠岡信用組合 支払利息34 本社","row_no":2636,"raw_text":"手形貸付 短期借入 3,300万円 R8/3/ / 戻し利息 手形貸付 短期借入 3,300 / 支払利息 / 69,041 / 36,777,754 / 28-R8/7/31 / 万円 R8/3/28-R8/7/31 / 笠岡信用組合 / 支払利息34 / 本社"}
140Fg34UWrvdYC8Gjo1nr1WmmHXHOCnf3	普通預金.pdf	46	normalized_rows	{"date":"2026-03-26","amount":4620,"summary":"ｶｰｾﾌﾞﾝﾃﾞｼﾞﾌｨｰﾙﾄﾞ ｲﾝｽﾏｰﾄｼｽﾃﾑ ｶｰｾﾌﾞﾝﾃﾞｼﾞﾌｨｰﾙﾄﾞ ｲﾝｽﾏｰﾄｼｽﾃﾑ","other_party":"もみじ福山支店 CB 仕課内10","row_no":2637,"raw_text":"業務委託費 / 4,620 / ｶｰｾﾌﾞﾝﾃﾞｼﾞﾌｨｰﾙﾄﾞ ｲﾝｽﾏｰﾄｼｽﾃﾑ / ｶｰｾﾌﾞﾝﾃﾞｼﾞﾌｨｰﾙﾄﾞ ｲﾝｽﾏｰﾄｼｽﾃﾑ / 36,773,134 / もみじ福山支店 / CB / 仕課内10"}
140Fg34UWrvdYC8Gjo1nr1WmmHXHOCnf3	普通預金.pdf	46	normalized_rows	{"date":"2026-03-26","amount":6015,"summary":"ﾁｭｰﾘｯﾋ生命様 ﾁｭｰﾘｯﾋ生命様","other_party":"もみじ福山支店 その他34 本社","row_no":2638,"raw_text":"支払保険料 / 6,015 / ﾁｭｰﾘｯﾋ生命様 / ﾁｭｰﾘｯﾋ生命様 / 36,767,119 / もみじ福山支店 / その他34 / 本社"}
140Fg34UWrvdYC8Gjo1nr1WmmHXHOCnf3	普通預金.pdf	46	normalized_rows	{"date":"2026-03-26","amount":27293,"summary":"ｵﾘｺ ｶｰｻ ｺﾋﾟｰ機 ｵﾘｺ ｶｰｻ ｺﾋﾟｰ機","other_party":"もみじ福山支店 オリコ複合機31 ｶｰｻ岡山-車両 仕課内8","row_no":2639,"raw_text":"リース料（販） / 27,293 / ｵﾘｺ ｶｰｻ ｺﾋﾟｰ機 / ｵﾘｺ ｶｰｻ ｺﾋﾟｰ機 / 36,739,826 / もみじ福山支店 / オリコ複合機31 / ｶｰｻ岡山-車両 / 仕課内8"}
140Fg34UWrvdYC8Gjo1nr1WmmHXHOCnf3	普通預金.pdf	46	normalized_rows	{"date":"2026-03-26","amount":99000,"summary":"オリコ.JCM/ジョーカー利用料 オリコ.JCM/ジョーカー利用料","other_party":"もみじ福山支店 ジョーカー利用料本社 仕共内10","row_no":2642,"raw_text":"IT費 / 99,000 / オリコ.JCM/ジョーカー利用料 / オリコ.JCM/ジョーカー利用料 / 36,640,826 / もみじ福山支店 / ジョーカー利用料本社 / 仕共内10"}
140Fg34UWrvdYC8Gjo1nr1WmmHXHOCnf3	普通預金.pdf	46	normalized_rows	{"date":"2026-03-26","amount":58201,"summary":"あんしん生命 あんしん生命","other_party":"もみじ福山支店 あんしん生命34 本社","row_no":2646,"raw_text":"支払保険料 / 58,201 / あんしん生命 / あんしん生命 / 36,582,625 / もみじ福山支店 / あんしん生命34 / 本社"}
140Fg34UWrvdYC8Gjo1nr1WmmHXHOCnf3	普通預金.pdf	46	normalized_rows	{"date":"2026-03-26","amount":67440,"summary":"本社 賃借料 住吉町家賃（三和","other_party":"吉町家賃 もみじ福山支店","row_no":2647,"raw_text":"DF.ア－クシステムSP 三和地所様 住 / 諸口 / 67,440 / 本社 賃借料 住吉町家賃（三和 / 36,515,185 / 吉町家賃 / もみじ福山支店"}
140Fg34UWrvdYC8Gjo1nr1WmmHXHOCnf3	普通預金.pdf	46	normalized_rows	{"date":"2026-03-26","amount":12980,"summary":"USS支払手数料 USS支払手数料","other_party":"中国銀行 CB 仕課内10","row_no":2649,"raw_text":"オークション手数 / 12,980 / USS支払手数料 / USS支払手数料 / 36,502,205 / 中国銀行 / CB / 仕課内10"}
140Fg34UWrvdYC8Gjo1nr1WmmHXHOCnf3	普通預金.pdf	46	normalized_rows	{"date":"2026-03-30","amount":9570,"summary":"該当なし EBフリコミ 該当なし EBフリコミ","other_party":"広島銀行②","row_no":2655,"raw_text":"諸口 / 9,570 / 該当なし EBフリコミ / 該当なし EBフリコミ / 36,492,635 / 広島銀行②"}
140Fg34UWrvdYC8Gjo1nr1WmmHXHOCnf3	普通預金.pdf	46	normalized_rows	{"date":"2026-03-30","amount":20066,"summary":"該当なし EBフリコミ 該当なし EBフリコミ","other_party":"広島銀行②","row_no":2656,"raw_text":"諸口 / 20,066 / 該当なし EBフリコミ / 該当なし EBフリコミ / 36,472,569 / 広島銀行②"}
140Fg34UWrvdYC8Gjo1nr1WmmHXHOCnf3	普通預金.pdf	46	normalized_rows	{"date":"2026-03-30","amount":36300,"summary":"該当なし EBフリコミ 該当なし EBフリコミ","other_party":"広島銀行②","row_no":2657,"raw_text":"諸口 / 36,300 / 該当なし EBフリコミ / 該当なし EBフリコミ / 36,436,269 / 広島銀行②"}
140Fg34UWrvdYC8Gjo1nr1WmmHXHOCnf3	普通預金.pdf	47	normalized_rows	{"date":"2026-03-30","amount":160000,"summary":"該当なし EBフリコミ 該当なし EBフリコミ","other_party":"広島銀行②","row_no":2658,"raw_text":"諸口 / 160,000 / 該当なし EBフリコミ / 該当なし EBフリコミ / 36,276,269 / 広島銀行②"}
140Fg34UWrvdYC8Gjo1nr1WmmHXHOCnf3	普通預金.pdf	47	normalized_rows	{"date":"2026-03-30","amount":165000,"summary":"該当なし EBフリコミ 該当なし EBフリコミ","other_party":"広島銀行②","row_no":2659,"raw_text":"諸口 / 165,000 / 該当なし EBフリコミ / 該当なし EBフリコミ / 36,111,269 / 広島銀行②"}
140Fg34UWrvdYC8Gjo1nr1WmmHXHOCnf3	普通預金.pdf	47	normalized_rows	{"date":"2026-03-30","amount":2046,"summary":"該当なし EBフリコミ 該当なし EBフリコミ","other_party":"広島銀行②","row_no":2660,"raw_text":"諸口 / 2,046 / 該当なし EBフリコミ / 該当なし EBフリコミ / 36,109,223 / 広島銀行②"}
140Fg34UWrvdYC8Gjo1nr1WmmHXHOCnf3	普通預金.pdf	47	normalized_rows	{"date":"2026-03-30","amount":9480,"summary":"該当なし EBフリコミ 該当なし EBフリコミ","other_party":"広島銀行②","row_no":2661,"raw_text":"諸口 / 9,480 / 該当なし EBフリコミ / 該当なし EBフリコミ / 36,099,743 / 広島銀行②"}
140Fg34UWrvdYC8Gjo1nr1WmmHXHOCnf3	普通預金.pdf	47	normalized_rows	{"date":"2026-03-30","amount":122496,"summary":"該当なし EBフリコミ 該当なし EBフリコミ","other_party":"広島銀行②","row_no":2662,"raw_text":"諸口 / 122,496 / 該当なし EBフリコミ / 該当なし EBフリコミ / 35,977,247 / 広島銀行②"}
140Fg34UWrvdYC8Gjo1nr1WmmHXHOCnf3	普通預金.pdf	47	normalized_rows	{"date":"2026-03-30","amount":48950,"summary":"該当なし EBフリコミ 該当なし EBフリコミ","other_party":"広島銀行②","row_no":2663,"raw_text":"諸口 / 48,950 / 該当なし EBフリコミ / 該当なし EBフリコミ / 35,928,297 / 広島銀行②"}
140Fg34UWrvdYC8Gjo1nr1WmmHXHOCnf3	普通預金.pdf	47	normalized_rows	{"date":"2026-03-30","amount":5409,"summary":"該当なし EBフリコミ 該当なし EBフリコミ","other_party":"広島銀行②","row_no":2664,"raw_text":"諸口 / 5,409 / 該当なし EBフリコミ / 該当なし EBフリコミ / 35,922,888 / 広島銀行②"}
140Fg34UWrvdYC8Gjo1nr1WmmHXHOCnf3	普通預金.pdf	47	normalized_rows	{"date":"2026-03-30","amount":167200,"summary":"該当なし EBフリコミ 該当なし EBフリコミ","other_party":"広島銀行②","row_no":2665,"raw_text":"諸口 / 167,200 / 該当なし EBフリコミ / 該当なし EBフリコミ / 35,755,688 / 広島銀行②"}
140Fg34UWrvdYC8Gjo1nr1WmmHXHOCnf3	普通預金.pdf	47	normalized_rows	{"date":"2026-03-30","amount":198627,"summary":"該当なし EBフリコミ 該当なし EBフリコミ","other_party":"広島銀行②","row_no":2666,"raw_text":"諸口 / 198,627 / 該当なし EBフリコミ / 該当なし EBフリコミ / 35,557,061 / 広島銀行②"}
140Fg34UWrvdYC8Gjo1nr1WmmHXHOCnf3	普通預金.pdf	47	normalized_rows	{"date":"2026-03-30","amount":350372,"summary":"該当なし EBフリコミ 該当なし EBフリコミ","other_party":"広島銀行②","row_no":2667,"raw_text":"諸口 / 350,372 / 該当なし EBフリコミ / 該当なし EBフリコミ / 35,206,689 / 広島銀行②"}
140Fg34UWrvdYC8Gjo1nr1WmmHXHOCnf3	普通預金.pdf	47	normalized_rows	{"date":"2026-03-30","amount":305937,"summary":"該当なし EBフリコミ 該当なし EBフリコミ","other_party":"広島銀行②","row_no":2668,"raw_text":"諸口 / 305,937 / 該当なし EBフリコミ / 該当なし EBフリコミ / 34,900,752 / 広島銀行②"}
140Fg34UWrvdYC8Gjo1nr1WmmHXHOCnf3	普通預金.pdf	47	normalized_rows	{"date":"2026-03-30","amount":9900,"summary":"該当なし EBフリコミ 該当なし EBフリコミ","other_party":"広島銀行②","row_no":2669,"raw_text":"諸口 / 9,900 / 該当なし EBフリコミ / 該当なし EBフリコミ / 34,890,852 / 広島銀行②"}
140Fg34UWrvdYC8Gjo1nr1WmmHXHOCnf3	普通預金.pdf	47	normalized_rows	{"date":"2026-03-30","amount":4224,"summary":"該当なし EBフリコミ 該当なし EBフリコミ","other_party":"広島銀行②","row_no":2670,"raw_text":"諸口 / 4,224 / 該当なし EBフリコミ / 該当なし EBフリコミ / 34,886,628 / 広島銀行②"}
140Fg34UWrvdYC8Gjo1nr1WmmHXHOCnf3	普通預金.pdf	47	normalized_rows	{"date":"2026-03-30","amount":8800,"summary":"該当なし EBフリコミ 該当なし EBフリコミ","other_party":"広島銀行②","row_no":2671,"raw_text":"諸口 / 8,800 / 該当なし EBフリコミ / 該当なし EBフリコミ / 34,877,828 / 広島銀行②"}
140Fg34UWrvdYC8Gjo1nr1WmmHXHOCnf3	普通預金.pdf	47	normalized_rows	{"date":"2026-03-30","amount":33000,"summary":"該当なし EBフリコミ 該当なし EBフリコミ","other_party":"広島銀行②","row_no":2672,"raw_text":"諸口 / 33,000 / 該当なし EBフリコミ / 該当なし EBフリコミ / 34,844,828 / 広島銀行②"}
140Fg34UWrvdYC8Gjo1nr1WmmHXHOCnf3	普通預金.pdf	47	normalized_rows	{"date":"2026-03-30","amount":1000000,"summary":"該当なし EBフリコミ 該当なし EBフリコミ","other_party":"広島銀行②","row_no":2673,"raw_text":"諸口 / 1,000,000 / 該当なし EBフリコミ / 該当なし EBフリコミ / 33,844,828 / 広島銀行②"}
140Fg34UWrvdYC8Gjo1nr1WmmHXHOCnf3	普通預金.pdf	47	normalized_rows	{"date":"2026-03-30","amount":2000000,"summary":"該当なし カ)ブリツジ 該当なし カ)ブリツジ","other_party":"中国銀行","row_no":2675,"raw_text":"諸口 / 2,000,000 / 該当なし カ)ブリツジ / 該当なし カ)ブリツジ / 35,844,828 / 中国銀行"}
140Fg34UWrvdYC8Gjo1nr1WmmHXHOCnf3	普通預金.pdf	47	normalized_rows	{"date":"2026-03-30","amount":18387,"summary":"該当なし B0330 リコージヤ 該当なし B0330 リコージヤ","other_party":"中国銀行","row_no":2676,"raw_text":"諸口 / 18,387 / 該当なし B0330 リコージヤ / 該当なし B0330 リコージヤ / 35,826,441 / 中国銀行"}
140Fg34UWrvdYC8Gjo1nr1WmmHXHOCnf3	普通預金.pdf	47	normalized_rows	{"date":"2026-03-30","amount":188870,"summary":"該当なし B0330 カービユー 該当なし B0330 カービユー","other_party":"中国銀行","row_no":2677,"raw_text":"諸口 / 188,870 / 該当なし B0330 カービユー / 該当なし B0330 カービユー / 35,637,571 / 中国銀行"}
140Fg34UWrvdYC8Gjo1nr1WmmHXHOCnf3	普通預金.pdf	47	normalized_rows	{"date":"2026-03-30","amount":660880,"summary":"該当なし B0330 コウヨウバ 該当なし B0330 コウヨウバ","other_party":"中国銀行","row_no":2678,"raw_text":"諸口 / 660,880 / 該当なし B0330 コウヨウバ / 該当なし B0330 コウヨウバ / 34,976,691 / 中国銀行"}
140Fg34UWrvdYC8Gjo1nr1WmmHXHOCnf3	普通預金.pdf	47	normalized_rows	{"date":"2026-03-30","amount":13310,"summary":"該当なし B0330 (ド)コヤ 該当なし B0330 (ド)コヤ","other_party":"中国銀行","row_no":2679,"raw_text":"諸口 / 13,310 / 該当なし B0330 (ド)コヤ / 該当なし B0330 (ド)コヤ / 34,963,381 / 中国銀行"}
140Fg34UWrvdYC8Gjo1nr1WmmHXHOCnf3	普通預金.pdf	47	normalized_rows	{"date":"2026-03-30","amount":107800,"summary":"該当なし B0330 ワンライト( 該当なし B0330 ワンライト(","other_party":"中国銀行","row_no":2680,"raw_text":"諸口 / 107,800 / 該当なし B0330 ワンライト( / 該当なし B0330 ワンライト( / 34,855,581 / 中国銀行"}
140Fg34UWrvdYC8Gjo1nr1WmmHXHOCnf3	普通預金.pdf	47	normalized_rows	{"date":"2026-03-30","amount":1000000,"summary":"該当なし カ)ブリツジ 該当なし カ)ブリツジ","other_party":"中国銀行","row_no":2681,"raw_text":"諸口 / 1,000,000 / 該当なし カ)ブリツジ / 該当なし カ)ブリツジ / 35,855,581 / 中国銀行"}
140Fg34UWrvdYC8Gjo1nr1WmmHXHOCnf3	普通預金.pdf	47	normalized_rows	{"date":"2026-03-30","amount":1178733,"summary":"該当なし B0330 (カ)シーエ 該当なし B0330 (カ)シーエ","other_party":"中国銀行","row_no":2682,"raw_text":"諸口 / 1,178,733 / 該当なし B0330 (カ)シーエ / 該当なし B0330 (カ)シーエ / 34,676,848 / 中国銀行"}
140Fg34UWrvdYC8Gjo1nr1WmmHXHOCnf3	普通預金.pdf	47	normalized_rows	{"date":"2026-03-31","amount":517560,"summary":"該当なし シヨウガシ 該当なし シヨウガシ","other_party":"笠岡信用組合","row_no":2687,"raw_text":"諸口 / 517,560 / 該当なし シヨウガシ / 該当なし シヨウガシ / 34,159,288 / 笠岡信用組合"}
140Fg34UWrvdYC8Gjo1nr1WmmHXHOCnf3	普通預金.pdf	47	normalized_rows	{"date":"2026-03-31","amount":104041,"summary":"該当なし カシツケリソク 該当なし カシツケリソク","other_party":"笠岡信用組合","row_no":2688,"raw_text":"諸口 / 104,041 / 該当なし カシツケリソク / 該当なし カシツケリソク / 34,055,247 / 笠岡信用組合"}
140Fg34UWrvdYC8Gjo1nr1WmmHXHOCnf3	普通預金.pdf	48	normalized_rows	{"date":"2026-03-31","amount":391779,"summary":"該当なし シヨウガシ 該当なし シヨウガシ","other_party":"笠岡信用組合","row_no":2689,"raw_text":"諸口 / 391,779 / 該当なし シヨウガシ / 該当なし シヨウガシ / 33,663,468 / 笠岡信用組合"}
140Fg34UWrvdYC8Gjo1nr1WmmHXHOCnf3	普通預金.pdf	48	normalized_rows	{"date":"2026-03-31","amount":1699552,"summary":"該当なし シヨウガシ 該当なし シヨウガシ","other_party":"笠岡信用組合","row_no":2690,"raw_text":"諸口 / 1,699,552 / 該当なし シヨウガシ / 該当なし シヨウガシ / 31,963,916 / 笠岡信用組合"}
140Fg34UWrvdYC8Gjo1nr1WmmHXHOCnf3	普通預金.pdf	48	normalized_rows	{"date":"2026-03-31","amount":149842,"summary":"該当なし シヨウガシ 該当なし シヨウガシ","other_party":"笠岡信用組合","row_no":2691,"raw_text":"諸口 / 149,842 / 該当なし シヨウガシ / 該当なし シヨウガシ / 31,814,074 / 笠岡信用組合"}
140Fg34UWrvdYC8Gjo1nr1WmmHXHOCnf3	普通預金.pdf	48	normalized_rows	{"date":"2026-03-31","amount":229315,"summary":"該当なし シヨウカンキン 該当なし シヨウカンキン","other_party":"笠岡信用組合","row_no":2692,"raw_text":"諸口 / 229,315 / 該当なし シヨウカンキン / 該当なし シヨウカンキン / 31,584,759 / 笠岡信用組合"}
140Fg34UWrvdYC8Gjo1nr1WmmHXHOCnf3	普通預金.pdf	48	normalized_rows	{"date":"2026-03-31","amount":1764948,"summary":"該当なし シヨウカンキン 該当なし シヨウカンキン","other_party":"笠岡信用組合","row_no":2693,"raw_text":"諸口 / 1,764,948 / 該当なし シヨウカンキン / 該当なし シヨウカンキン / 29,819,811 / 笠岡信用組合"}
140Fg34UWrvdYC8Gjo1nr1WmmHXHOCnf3	普通預金.pdf	48	normalized_rows	{"date":"2026-03-31","amount":378785,"summary":"該当なし シヨウカンキン 該当なし シヨウカンキン","other_party":"笠岡信用組合","row_no":2694,"raw_text":"諸口 / 378,785 / 該当なし シヨウカンキン / 該当なし シヨウカンキン / 29,441,026 / 笠岡信用組合"}
140Fg34UWrvdYC8Gjo1nr1WmmHXHOCnf3	普通預金.pdf	48	normalized_rows	{"date":"2026-03-31","amount":467620,"summary":"該当なし シヤカイホケン 該当なし シヤカイホケン","other_party":"笠岡信用組合","row_no":2695,"raw_text":"諸口 / 467,620 / 該当なし シヤカイホケン / 該当なし シヤカイホケン / 28,973,406 / 笠岡信用組合"}
140Fg34UWrvdYC8Gjo1nr1WmmHXHOCnf3	普通預金.pdf	48	normalized_rows	{"date":"2026-03-31","amount":1457088,"summary":"該当なし カ)コンクエスト 該当なし カ)コンクエスト","other_party":"広島銀行②","row_no":2696,"raw_text":"諸口 / 1,457,088 / 該当なし カ)コンクエスト / 該当なし カ)コンクエスト / 30,430,494 / 広島銀行②"}
140Fg34UWrvdYC8Gjo1nr1WmmHXHOCnf3	普通預金.pdf	48	normalized_rows	{"date":"2026-03-31","amount":258698,"summary":"該当なし チユウギンカードJCB 該当なし チユウギンカードJCB","other_party":"中国銀行","row_no":2701,"raw_text":"諸口 / 258,698 / 該当なし チユウギンカードJCB / 該当なし チユウギンカードJCB / 30,689,192 / 中国銀行"}
140Fg34UWrvdYC8Gjo1nr1WmmHXHOCnf3	普通預金.pdf	48	normalized_rows	{"date":"2026-03-31","amount":508157,"summary":"該当なし チユウギンカードVIS 該当なし チユウギンカードVIS","other_party":"中国銀行","row_no":2702,"raw_text":"諸口 / 508,157 / 該当なし チユウギンカードVIS / 該当なし チユウギンカードVIS / 31,197,349 / 中国銀行"}
140Fg34UWrvdYC8Gjo1nr1WmmHXHOCnf3	普通預金.pdf	48	normalized_rows	{"date":"2026-03-31","amount":33698,"summary":"融資利息 融資利息","other_party":"もみじ福山支店 支払利息34 本社","row_no":2703,"raw_text":"支払利息 / 33,698 / 融資利息 / 融資利息 / 31,163,651 / もみじ福山支店 / 支払利息34 / 本社"}
140Fg34UWrvdYC8Gjo1nr1WmmHXHOCnf3	普通預金.pdf	48	normalized_rows	{"date":"2026-03-31","amount":2200,"summary":"ﾋﾞｰﾌｨｰﾙﾄﾞ ﾋﾞｰﾌｨｰﾙﾄﾞ","other_party":"もみじ福山支店 コアシステムス゛本社 仕課内10","row_no":2704,"raw_text":"事務所維持費 / 2,200 / ﾋﾞｰﾌｨｰﾙﾄﾞ / ﾋﾞｰﾌｨｰﾙﾄﾞ / 31,161,451 / もみじ福山支店 / コアシステムス゛本社 / 仕課内10"}
140Fg34UWrvdYC8Gjo1nr1WmmHXHOCnf3	普通預金.pdf	48	normalized_rows	{"date":"2026-04-01","amount":10757167,"summary":"該当なし EBフリコミ 該当なし EBフリコミ","other_party":"広島銀行②","row_no":2697,"raw_text":"諸口 / 10,757,167 / 該当なし EBフリコミ / 該当なし EBフリコミ / 20,404,284 / 広島銀行②"}
140Fg34UWrvdYC8Gjo1nr1WmmHXHOCnf3	普通預金.pdf	48	normalized_rows	{"date":"2026-04-01","amount":82196,"summary":"","other_party":"ス (カ ス (カ もみじ福山支店","row_no":2705,"raw_text":"該当なし 口座振替4 トヨタフアイナン / 該当なし 口座振替4 トヨタフアイナン / 04/02 / 諸口 / 82,196 / 20,322,088 / ス (カ / ス (カ / もみじ福山支店"}